﻿<?xml version="1.0" encoding="utf-8"?>
<?access-control allow="*"?>
<tt xml:lang="en" xmlns="http://www.w3.org/ns/ttml" xmlns:ttm="http://www.w3.org/ns/ttml#metadata" xmlns:tts="http://www.w3.org/ns/ttml#styling" xmlns:ttp="http://www.w3.org/ns/ttml#parameter">
  <head>
    <ttm:title>Captions</ttm:title>
    <metadata>
      <ttm:copyright>
        (c) Microsoft 2012, all rights reserved.
      </ttm:copyright>
    </metadata>
    <styling>
      <!-- s1 specifies default color, font, and text alignment -->
      <style xml:id="s1" tts:color="white" tts:fontFamily="proportionalSansSerif" tts:fontSize="16px" tts:textAlign="center" />
      <!-- alternative using yellow text but otherwise as style s1 -->
      <style xml:id="s2" style="s1" tts:color="yellow" />
      <!-- a style based on s1 but justified to the right -->
      <style xml:id="s1Right" style="s1" tts:textAlign="end" />
      <!-- a style based on s2 but justified to the left -->
      <style xml:id="s2Left" style="s2" tts:textAlign="start" />
    </styling>
    <layout>
      <region xml:id="subtitleArea" style="s1" tts:origin="0% 0%" tts:extent="100% 60px" tts:padding="3px 3px" tts:backgroundColor="black" tts:opacity="0.7" tts:displayAlign="center" tts:showBackground="whenActive" />
    </layout>
  </head>
  <body>
    <div region="subtitleArea">
      <p xml:id="subtitle1" ttm:role="caption" begin="00:00:00:01" end="00:00:04:24">Instant messaging is a common pathway for malicious attachments. </p>
      <p xml:id="subtitle2" ttm:role="caption" begin="00:00:05:00" end="00:00:08:24">You should avoid opening any attachments from an instant message </p>
      <p xml:id="subtitle3" ttm:role="caption" begin="00:00:09:00" end="00:00:13:24">unless you are absolutely sure about its origin and that it is safe. </p>
      <p xml:id="subtitle4" ttm:role="caption" begin="00:00:14:00" end="00:00:44:00">An instant messaging attachment could contain a virus or spyware that can harm your computer.</p>
    </div>
  </body>
</tt>