﻿<?xml version="1.0" encoding="utf-8"?>
<?access-control allow="*"?>
<tt xml:lang="en" xmlns="http://www.w3.org/ns/ttml" xmlns:ttm="http://www.w3.org/ns/ttml#metadata" xmlns:tts="http://www.w3.org/ns/ttml#styling" xmlns:ttp="http://www.w3.org/ns/ttml#parameter">
  <head>
    <ttm:title>Captions</ttm:title>
    <metadata>
      <ttm:copyright>
        (c) Microsoft 2012, all rights reserved.
      </ttm:copyright>
    </metadata>
    <styling>
      <!-- s1 specifies default color, font, and text alignment -->
      <style xml:id="s1" tts:color="white" tts:fontFamily="proportionalSansSerif" tts:fontSize="16px" tts:textAlign="center" />
      <!-- alternative using yellow text but otherwise as style s1 -->
      <style xml:id="s2" style="s1" tts:color="yellow" />
      <!-- a style based on s1 but justified to the right -->
      <style xml:id="s1Right" style="s1" tts:textAlign="end" />
      <!-- a style based on s2 but justified to the left -->
      <style xml:id="s2Left" style="s2" tts:textAlign="start" />
    </styling>
    <layout>
      <region xml:id="subtitleArea" style="s1" tts:origin="0% 0%" tts:extent="100% 60px" tts:padding="3px 3px" tts:backgroundColor="black" tts:opacity="0.7" tts:displayAlign="center" tts:showBackground="whenActive" />
    </layout>
  </head>
  <body>
    <div region="subtitleArea">
      <p xml:id="subtitle1" ttm:role="caption" begin="00:00:00:01" end="00:00:04:24">You may receive a number of unwanted email messages from unknown senders; </p>
      <p xml:id="subtitle2" ttm:role="caption" begin="00:00:05:00" end="00:00:10:24">including individuals and companies that are advertising their products or services. </p>
      <p xml:id="subtitle3" ttm:role="caption" begin="00:00:11:00" end="00:00:16:24">These messages may also be in the form of online surveys that require you to fill out personal information. </p>
      <p xml:id="subtitle4" ttm:role="caption" begin="00:00:17:00" end="00:00:22:24">These unsolicited messages are known as spam or junk mail.  </p>
      <p xml:id="subtitle5" ttm:role="caption" begin="00:00:23:00" end="00:00:28:24">Junk mail or spam can often include content that can be harmful to your computer. </p>
      <p xml:id="subtitle6" ttm:role="caption" begin="00:00:29:00" end="00:00:38:24">In addition, junk mail is often used for stealing identities and you might accidentally share sensitive information by responding to certain messages. </p>
      <p xml:id="subtitle7" ttm:role="caption" begin="00:00:39:00" end="00:00:44:24">You should always avoid replying to any spam or junk mail message. </p>
      <p xml:id="subtitle8" ttm:role="caption" begin="00:00:45:00" end="00:00:48:24">You should delete any spam or junk mail message when you receive it. </p>
      <p xml:id="subtitle9" ttm:role="caption" begin="00:00:49:00" end="00:00:55:24">Email programs such as Microsoft Outlook include a spam or junk mail folder </p>
      <p xml:id="subtitle10" ttm:role="caption" begin="00:00:56:00" end="00:01:26:00">where spam and junk mail messages can be directed and automatically deleted. </p>
    </div>
  </body>
</tt>