﻿<?xml version="1.0" encoding="utf-8" ?>
<type version="4.0" playbackSource="HTML" editorType="HTML" canSendCompletion="true">
  <instance>
    <languages>
      <language name="neutral" />
    </languages>
  </instance>
  <editor>
    <languages>
      <language name="neutral">
        <name>Modern Short Answer</name>
        <description>A Modern styled page displaying a question with text input for learner's answer.</description>
      </language>
    </languages>
  </editor>
</type>
