﻿<?xml version="1.0" encoding="utf-8" ?>
<type version="4.0" playbackSource="HTML" behavior="MC" editorType="HTML" canSendCompletion="true">
  <instance>
    <languages>
      <language name="neutral" />
      <language name="ja" />
      <language name="zh-cn" />
    </languages>
  </instance>
  <editor>
    <languages>
      <language name="neutral">
        <name>Receive Credit</name>
        <description>Displays the receive credit page</description>
      </language>
    </languages>
  </editor>
</type>
