﻿<?xml version="1.0" encoding="utf-8" ?>
<type version="4.0" playbackSource="HTML" editorType="HTML" canSendCompletion="true">
  <instance>
    <languages>
      <language name="neutral" />
    </languages>
  </instance>
  <editor>
    <languages>
      <language name="neutral">
        <name>Modern Accordion (Half width on Right)</name>
        <description>An information page with accordion functionality and a Modern inspired style. Accordion is aligned to right of a single information tile.</description>
      </language>
    </languages>
  </editor>
</type>
