﻿<?xml version="1.0" encoding="UTF-8"?>
<types>
  <category name="Course Progress">
    <type id="C8BD06D8-379B-4AF4-972F-DE97943C8A17" />
  </category>
  <category name="Information">
    <type id="6DD2D124-DAC9-4608-AD93-9D4E797A72AC" />
    <type id="EE35ABBC-7650-410B-BB17-48A868ED09FB" />
  </category>
  <category name="Completion Pages">
    <type id="54434C22-4760-41D7-9D0E-92821CCF0258" />
    <type id="A050528C-1C24-11DF-B657-A62856D89593" />
    <type id="DF63D339-0316-4785-9F78-AE6064EA9109" />
  </category>
  <category name="Course Progress">
    <type id="556CE6AE-2DB9-4ED3-8DFB-39830BD95FC8" />
  </category>
  <category name="Information">
    <type id="C9204273-D1BE-4A03-9195-81917E1A44EA" />
  </category>
  <category name="Accordion">
    <type id="53CFEC3F-8AFA-4874-9A03-706379DF9AFC" />
  </category>
  <category name="Click and Reveal">
    <type id="21C8F9AF-98DB-40EF-ABB8-26D176019635" />
    <type id="61B6832A-41DB-47BF-B54E-4E0856825177" />
  </category>
  <category name="Media Pages">
    <type id="3512FF56-8814-4D3B-B207-5675092FB0BF" />
  </category>
</types>