﻿<?xml version="1.0" encoding="utf-8" ?>
<type version="4.0" playbackSource="HTML" editorType="HTML" canSendCompletion="false">
	<instance>
		<languages>
			<language name="neutral" />
		</languages>
	</instance>
	<editor>
		<languages>
			<language name="neutral">
				<name>Modern Course Module Summary</name>
				<description>A Modern styled page containing one tile showing overall course progress and status against modules in the course.</description>
			</language>
		</languages>
	</editor>
</type>
