﻿<?xml version="1.0" encoding="UTF-8"?>
<contents>
  <videoPreferences>
    <item mediaPath="" LC="yes" PLC="yes" frameRate="29" frameSize="768x432" videoBitRate="800kbps" audioBitRate="48kbps" bufferingWindow="3" namingScheme="*_High.mp4" videoPlayerType="MP4" userDownload="false" uiLabel="VideoQualityHigh" notes="frame sizes, frame rates and aspect ratio can change to suite content (recorded demo vs. talking head).">MP4 (high)</item>
    <item required="yes" mediaPath="" LC="yes" PLC="yes" frameRate="29" frameSize="768x432" videoBitRate="500kbps" audioBitRate="48kbps" bufferingWindow="3" namingScheme="*.mp4" videoPlayerType="MP4" userDownload="true" uiLabel="VideoQualityMedium" notes="frame sizes, frame rates and aspect ratio can change to suite content (recorded demo vs. talking head)">MP4 (standard)</item>
    <item mediaPath="" LC="yes" PLC="yes" frameRate="29" frameSize="768x432" videoBitRate="300kbps" audioBitRate="48kbps" bufferingWindow="3" namingScheme="*_Low.mp4" videoPlayerType="MP4" userDownload="false" uiLabel="VideoQualityLow" notes="frame sizes, frame rates and aspect ratio can change to suite content (recorded demo vs. talking head)">MP4 (low)</item>
  </videoPreferences>
  <videoContent>
    <file name="4_2_3_1.mp4" />
    <file name="4_2_3_1_High.mp4" />
    <file name="4_2_3_1_Low.mp4" />
    <file name="4_2_3_2.mp4" />
    <file name="4_2_3_2_High.mp4" />
    <file name="4_2_3_2_Low.mp4" />
    <file name="4_2_3_3.mp4" />
    <file name="4_2_3_3_High.mp4" />
    <file name="4_2_3_3_Low.mp4" />
    <file name="4_2_3_4.mp4" />
    <file name="4_2_3_4_High.mp4" />
    <file name="4_2_3_4_Low.mp4" />
    <file name="4_2_3_5.mp4" />
    <file name="4_2_3_5_High.mp4" />
    <file name="4_2_3_5_Low.mp4" />
  </videoContent>
</contents>